City,County
Waldorf,Charles County
Abell,Saint Mary's County
Accokeek,Prince George's County
Aquasco,Prince George's County
Avenue,Saint Mary's County
Barstow,Calvert County
Bel Alton,Charles County
Benedict,Charles County
Brandywine,Prince George's County
Broomes Island,Calvert County
Bryans Road,Charles County
Bryantown,Charles County
Bushwood,Saint Mary's County
California,Saint Mary's County
Callaway,Saint Mary's County
Chaptico,Saint Mary's County
Charlotte Hall,Saint Mary's County
Cheltenham,Prince George's County
Clements,Saint Mary's County
Cobb Island,Charles County
Coltons Point,Saint Mary's County
Compton,Saint Mary's County
Dameron,Saint Mary's County
Dowell,Calvert County
Drayden,Saint Mary's County
Faulkner,Charles County
Great Mills,Saint Mary's County
Helen,Saint Mary's County
Hollywood,Saint Mary's County
Hughesville,Charles County
Huntingtown,Calvert County
Indian Head,Charles County
Ironsides,Charles County
Issue,Charles County
La Plata,Charles County
Leonardtown,Saint Mary's County
Lexington Park,Saint Mary's County
Loveville,Saint Mary's County
Lusby,Calvert County
Marbury,Charles County
Mechanicsville,Saint Mary's County
Morganza,Saint Mary's County
Mount Victoria,Charles County
Nanjemoy,Charles County
Newburg,Charles County
Park Hall,Saint Mary's County
Patuxent River,Saint Mary's County
Piney Point,Saint Mary's County
Pomfret,Charles County
Port Republic,Calvert County
Port Tobacco,Charles County
Prince Frederick,Calvert County
Ridge,Saint Mary's County
Rock Point,Charles County
Saint Inigoes,Saint Mary's County
Saint Leonard,Calvert County
Saint Marys City,Saint Mary's County
Scotland,Saint Mary's County
Solomons,Calvert County
Sunderland,Calvert County
Tall Timbers,Saint Mary's County
Valley Lee,Saint Mary's County
Welcome,Charles County
White Plains,Charles County
Southern Md Facility,Prince George's County
Annapolis Junction,Howard County
Lanham,Prince George's County
Beltsville,Prince George's County
Laurel,Prince George's County
Bladensburg,Prince George's County
Lothian,Anne Arundel County
Mount Rainier,Prince George's County
North Beach,Calvert County
Bowie,Prince George's County
Brentwood,Prince George's County
Capitol Heights,Prince George's County
Chesapeake Beach,Calvert County
Churchton,Anne Arundel County
Clinton,Prince George's County
Owings,Calvert County
Riverdale,Prince George's County
College Park,Prince George's County
Fort Washington,Prince George's County
Oxon Hill,Prince George's County
Suitland,Prince George's County
District Heights,Prince George's County
Temple Hills,Prince George's County
Deale,Anne Arundel County
Dunkirk,Calvert County
Fort George G Meade,Anne Arundel County
Friendship,Anne Arundel County
Fulton,Howard County
Andrews Air Force Base,Prince George's County
Savage,Howard County
Shady Side,Anne Arundel County
Galesville,Anne Arundel County
Greenbelt,Prince George's County
Glenn Dale,Prince George's County
Upper Marlboro,Prince George's County
Harwood,Anne Arundel County
Highland,Howard County
West River,Anne Arundel County
Tracys Landing,Anne Arundel County
Hyattsville,Prince George's County
Jessup,Howard County
Bethesda,Montgomery County
Glen Echo,Montgomery County
Chevy Chase,Montgomery County
Cabin John,Montgomery County
Olney,Montgomery County
Brookeville,Montgomery County
Poolesville,Montgomery County
Barnesville,Montgomery County
Beallsville,Montgomery County
Boyds,Montgomery County
Dickerson,Montgomery County
Rockville,Montgomery County
Potomac,Montgomery County
Derwood,Montgomery County
Sandy Spring,Montgomery County
Ashton,Montgomery County
Brinklow,Montgomery County
Burtonsville,Montgomery County
Spencerville,Montgomery County
Clarksburg,Montgomery County
Damascus,Montgomery County
Germantown,Montgomery County
Gaithersburg,Montgomery County
Washington Grove,Montgomery County
Montgomery Village,Montgomery County
Kensington,Montgomery County
Garrett Park,Montgomery County
Suburb Maryland Fac,Montgomery County
Silver Spring,Montgomery County
Takoma Park,Montgomery County
Aberdeen,Harford County
Aberdeen Proving Ground,Harford County
Abingdon,Harford County
Gunpowder,Harford County
Arnold,Anne Arundel County
Baldwin,Baltimore County
Bel Air,Harford County
Belcamp,Harford County
Benson,Harford County
Boring,Baltimore County
Brooklandville,Baltimore County
Butler,Baltimore County
Chase,Baltimore County
Churchville,Harford County
Clarksville,Howard County
Cockeysville,Baltimore County
Hunt Valley,Baltimore County
Crownsville,Anne Arundel County
Darlington,Harford County
Davidsonville,Anne Arundel County
Dayton,Howard County
Edgewater,Anne Arundel County
Edgewood,Harford County
Ellicott City,Howard County
Columbia,Howard County
Fallston,Harford County
Finksburg,Carroll County
Forest Hill,Harford County
Fork,Baltimore County
Fort Howard,Baltimore County
Freeland,Baltimore County
Gambrills,Anne Arundel County
Gibson Island,Anne Arundel County
Glen Arm,Baltimore County
Glen Burnie,Anne Arundel County
Glyndon,Baltimore County
Hampstead,Carroll County
Elkridge,Howard County
Hanover,Anne Arundel County
Harmans,Anne Arundel County
Havre De Grace,Harford County
Hydes,Baltimore County
Jarrettsville,Harford County
Joppa,Harford County
Kingsville,Baltimore County
Lineboro,Carroll County
Linthicum Heights,Anne Arundel County
Long Green,Baltimore County
Lutherville Timonium,Baltimore County
Manchester,Carroll County
Marriottsville,Carroll County
Maryland Line,Baltimore County
Mayo,Anne Arundel County
Millersville,Anne Arundel County
Monkton,Baltimore County
Odenton,Anne Arundel County
Crofton,Anne Arundel County
Owings Mills,Baltimore County
Parkton,Baltimore County
Pasadena,Anne Arundel County
Perry Hall,Baltimore County
Perryman,Harford County
Phoenix,Baltimore County
Pylesville,Harford County
Randallstown,Baltimore County
Reisterstown,Baltimore County
Riderwood,Baltimore County
Riva,Anne Arundel County
Severn,Anne Arundel County
Severna Park,Anne Arundel County
Simpsonville,Howard County
Sparks Glencoe,Baltimore County
Stevenson,Baltimore County
Street,Harford County
Upperco,Baltimore County
Upper Falls,Baltimore County
Westminster,Carroll County
Whiteford,Harford County
White Hall,Harford County
White Marsh,Baltimore County
Woodstock,Howard County
Baltimore,Baltimore City
Towson,Baltimore County
Gwynn Oak,Baltimore County
Pikesville,Baltimore County
Sparrows Point,Baltimore County
Middle River,Baltimore County
Essex,Baltimore County
Dundalk,Baltimore County
Brooklyn,Baltimore City
Curtis Bay,Anne Arundel County
Halethorpe,Baltimore County
Catonsville,Baltimore County
Parkville,Baltimore County
Nottingham,Baltimore County
Rosedale,Baltimore County
Windsor Mill,Baltimore County
Annapolis,Anne Arundel County
Cumberland,Allegany County
Accident,Garrett County
Barton,Allegany County
Bittinger,Garrett County
Bloomington,Garrett County
Corriganville,Allegany County
Eckhart Mines,Allegany County
Ellerslie,Allegany County
Flintstone,Allegany County
Friendsville,Garrett County
Frostburg,Allegany County
Grantsville,Garrett County
Kitzmiller,Garrett County
Lonaconing,Allegany County
Luke,Allegany County
Mc Henry,Garrett County
Midland,Allegany County
Midlothian,Allegany County
Mount Savage,Allegany County
Oakland,Garrett County
Oldtown,Allegany County
Pinto,Allegany County
Rawlings,Allegany County
Spring Gap,Allegany County
Swanton,Garrett County
Westernport,Allegany County
Easton,Talbot County
Barclay,Queen Anne's County
Bethlehem,Caroline County
Betterton,Kent County
Bozman,Talbot County
Cambridge,Dorchester County
Centreville,Queen Anne's County
Chester,Queen Anne's County
Chestertown,Kent County
Church Creek,Dorchester County
Church Hill,Queen Anne's County
Claiborne,Talbot County
Cordova,Talbot County
Crapo,Dorchester County
Crocheron,Dorchester County
Crumpton,Queen Anne's County
Denton,Caroline County
East New Market,Dorchester County
Federalsburg,Caroline County
Fishing Creek,Dorchester County
Galena,Kent County
Goldsboro,Caroline County
Grasonville,Queen Anne's County
Greensboro,Caroline County
Henderson,Caroline County
Hillsboro,Caroline County
Hurlock,Dorchester County
Ingleside,Queen Anne's County
Kennedyville,Kent County
Mcdaniel,Talbot County
Madison,Dorchester County
Marydel,Caroline County
Massey,Kent County
Millington,Kent County
Neavitt,Talbot County
Newcomb,Talbot County
Oxford,Talbot County
Preston,Caroline County
Price,Queen Anne's County
Queen Anne,Queen Anne's County
Queenstown,Queen Anne's County
Rhodesdale,Dorchester County
Ridgely,Caroline County
Rock Hall,Kent County
Royal Oak,Talbot County
Saint Michaels,Talbot County
Secretary,Dorchester County
Sherwood,Talbot County
Stevensville,Queen Anne's County
Still Pond,Kent County
Sudlersville,Queen Anne's County
Taylors Island,Dorchester County
Templeville,Caroline County
Tilghman,Talbot County
Toddville,Dorchester County
Trappe,Talbot County
Wingate,Dorchester County
Wittman,Talbot County
Woolford,Dorchester County
Worton,Kent County
Wye Mills,Talbot County
Frederick,Frederick County
Adamstown,Frederick County
Big Pool,Washington County
Boonsboro,Washington County
Braddock Heights,Frederick County
Brownsville,Washington County
Brunswick,Frederick County
Buckeystown,Frederick County
Burkittsville,Frederick County
Cascade,Washington County
Cavetown,Washington County
Chewsville,Washington County
Clear Spring,Washington County
Cooksville,Howard County
Emmitsburg,Frederick County
Fairplay,Washington County
Funkstown,Washington County
Glenelg,Howard County
Glenwood,Howard County
Hagerstown,Washington County
Hancock,Washington County
Ijamsville,Frederick County
Jefferson,Frederick County
Keedysville,Washington County
Keymar,Carroll County
Knoxville,Frederick County
Ladiesburg,Frederick County
Libertytown,Frederick County
Lisbon,Howard County
Little Orleans,Allegany County
Maugansville,Washington County
Middletown,Frederick County
Monrovia,Frederick County
Mount Airy,Frederick County
Myersville,Frederick County
New Market,Frederick County
New Midway,Frederick County
New Windsor,Carroll County
Point Of Rocks,Frederick County
Rocky Ridge,Frederick County
Rohrersville,Washington County
Sabillasville,Frederick County
Saint James,Washington County
Sharpsburg,Washington County
Smithsburg,Washington County
Sykesville,Carroll County
Taneytown,Carroll County
Thurmont,Frederick County
Tuscarora,Frederick County
Union Bridge,Carroll County
Unionville,Frederick County
Walkersville,Frederick County
West Friendship,Howard County
Williamsport,Washington County
Woodbine,Howard County
Woodsboro,Frederick County
Salisbury,Wicomico County
Allen,Wicomico County
Berlin,Worcester County
Bishopville,Worcester County
Bivalve,Wicomico County
Crisfield,Somerset County
Deal Island,Somerset County
Eden,Worcester County
Ewell,Somerset County
Fruitland,Wicomico County
Girdletree,Worcester County
Hebron,Wicomico County
Linkwood,Dorchester County
Manokin,Somerset County
Mardela Springs,Wicomico County
Marion Station,Somerset County
Nanticoke,Wicomico County
Newark,Worcester County
Ocean City,Worcester County
Parsonsburg,Wicomico County
Pittsville,Wicomico County
Pocomoke City,Worcester County
Powellville,Wicomico County
Princess Anne,Somerset County
Quantico,Wicomico County
Rehobeth,Somerset County
Sharptown,Wicomico County
Showell,Worcester County
Snow Hill,Worcester County
Stockton,Worcester County
Tyaskin,Wicomico County
Tylerton,Somerset County
Upper Fairmount,Somerset County
Vienna,Dorchester County
Westover,Somerset County
Whaleyville,Worcester County
Willards,Wicomico County
Delmar,Wicomico County
North East,Cecil County
Perry Point,Cecil County
Perryville,Cecil County
Port Deposit,Cecil County
Rising Sun,Cecil County
Warwick,Cecil County
Cecilton,Cecil County
Charlestown,Cecil County
Chesapeake City,Cecil County
Childs,Cecil County
Colora,Cecil County
Conowingo,Cecil County
Earleville,Cecil County
Elk Mills,Cecil County
Elkton,Cecil County
Georgetown,Cecil County
